year,office,district,candidate,party,source,,,
2004,State House,1,Marilyn Kirkpatrick,DEM,"https://ballotpedia.org/Nevada_State_Assembly_elections,_2004",,,
2004,State House,1,Ed Gobel,REP,,,,
2004,State House,2,Geoffrey Vanderpal,DEM,,,,
2004,State House,2,Garn Mabey,REP,,,,
2004,State House,3,Peggy Pierce,DEM,,,,
2004,State House,3,Brian Packer,REP,,,,
2004,State House,4,,,,,,
2004,State House,4,Francis Allen,REP,,,,
2004,State House,5,Kirk Kaplan,DEM,,,,
2004,State House,5,Valerie Weber,REP,,,,
2004,State House,6,Harvey Munford,REP,,,,
2004,State House,6,Cornell Clark,DEM,,,,
2004,State House,7,Morse Arberry,DEM,,,,
2004,State House,7,Gary Seward,REP,,,,
2004,State House,8,Barbara Buckley,DEM,,,,
2004,State House,8,Patricia Peacock,REP,,,,
2004,State House,9,Chris Giunchigliani,DEM,,,,
2004,State House,9,,,,,,
2004,State House,10,Joseph Hogan,DEM,,,,
2004,State House,10,Rex Wilhoite,REP,,,,
2004,State House,11,Bob McCleary,DEM,,,,
2004,State House,11,David Adams,REP,,,,
2004,State House,12,Genie Ohrenschall,DEM,,,,
2004,State House,12,Brandon Casutt,REP,,,,
2004,State House,13,Justin Jones,DEM,,,,
2004,State House,13,Chad Christensen,REP,,,,
2004,State House,14,Ellen Koivisto,DEM,,,,
2004,State House,14,Richard Gardner,REP,,,,
2004,State House,15,Kathy McClain,DEM,,,,
2004,State House,15,Bob Anderson,REP,,,,
2004,State House,16,John Oceguera,DEM,,,,
2004,State House,16,Bob Spretnak,REP,,,,
2004,State House,17,Kelvin Atkinson,DEM,,,,
2004,State House,17,David Gibbs,REP,,,,
2004,State House,18,Mark Manendo,DEM,,,,
2004,State House,18,Kris Munn,REP,,,,
2004,State House,19,Jerry Claborn,DEM,,,,
2004,State House,19,,,,,,
2004,State House,20,Travis Chandler,REP,,,,
2004,State House,20,,,,,,
2004,State House,21,Joseph Pitts,DEM,,,,
2004,State House,21,Bob Seale,REP,,,,
2004,State House,22,Caren Levenson,DEM,,,,
2004,State House,22,Scott Sibley,REP,,,,
2004,State House,23,Richard Perkins,DEM,,,,
2004,State House,23,Steven Grierson,REP,,,,
2004,State House,24,David Love,DEM,,,,
2004,State House,24,Brooks Holcomb,REP,,,,
2004,State House,25,Dan Meyer,DEM,,,,
2004,State House,25,Heidi Gansert,REP,,,,
2004,State House,26,Paul Mozen,DEM,,,,
2004,State House,26,Sharron Angle,REP,,,,
2004,State House,27,Sheila Leslie,DEM,,,,
2004,State House,27,Larry Martin,REP,,,,
2004,State House,28,Mo Denis,DEM,,,,
2004,State House,28,Benjamin Bell,REP,,,,
2004,State House,29,Susan Gerhardt,DEM,,,,
2004,State House,29,Anthony Bandiero,REP,,,,
2004,State House,30,Debbie Smith,DEM,,,,
2004,State House,30,Don Gustavson,REP,,,,
2004,State House,31,Bernie Anderson,DEM,,,,
2004,State House,31,Randi Thompson,REP,,,,
2004,State House,32,Joan Morrow,DEM,,,,
2004,State House,32,John Marvel,REP,,,,
2004,State House,33,John Carpenter,REP,,,,
2004,State House,33,,,,,,
2004,State House,34,William Horne,DEM,,,,
2004,State House,34,,,,,,
2004,State House,35,Marcia Debraga,DEM,,,,
2004,State House,35,Pete Goicoechea,REP,,,,
2004,State House,36,Rod Sherer,REP,,,,
2004,State House,36,,,,,,
2004,State House,37,Marcus Conklin,DEM,,,,
2004,State House,37,Sandra Vitolo,REP,,,,
2004,State House,38,Cathylee James,DEM,,,,
2004,State House,38,Tom Grady,REP,,,,
2004,State House,39,Lynn Hettrick,REP,,,,
2004,State House,39,,,,,,
2004,State House,40,Bonnie Parnell,DEM,,,,
2004,State House,40,Ron Knecht,REP,,,,
2004,State House,41,David Parks,DEM,,,,
2004,State House,41,Patricia Saye,REP,,,,
2004,State House,42,Harry Mortenson,DEM,,,,
2004,State House,42,Bob Adney,REP,,,,
2004,President,,George Bush,REP,https://uselectionatlas.org/RESULTS/index.html,,,
2004,President,,John Kerry,DEM,,,,
2004,U.S. Senate,,Harry Reid,DEM,https://uselectionatlas.org/RESULTS/index.html,,,
2004,U.S. Senate,,Richard Ziser,REP,,,,
2006,State House,1,Marilyn Kirkpatrick,DEM,"https://ballotpedia.org/Nevada_State_Assembly_elections,_2006",,,
2006,State House,1,Linda West Myers,REP,,,,
2006,State House,2,Carlos Blumberg,DEM,,,,
2006,State House,2,Garn Mabey,REP,,,,
2006,State House,3,Peggy Pierce,DEM,,,,
2006,State House,3,,,,,,
2006,State House,4,C. Butcher,DEM,,,,
2006,State House,4,Francis Allen,REP,,,,
2006,State House,5,Dawn Dudas,DEM,,,,
2006,State House,5,Valerie Weber,REP,,,,
2006,State House,6,Harvey Munford,DEM,,,,
2006,State House,6,,,,,,
2006,State House,7,Morse Arberry,DEM,,,,
2006,State House,7,,,,,,
2006,State House,8,Barbara Buckley,DEM,,,,
2006,State House,8,,,,,,
2006,State House,9,Segerblom,DEM,,,,
2006,State House,9,,,,,,
2006,State House,10,Joseph Hogan,DEM,,,,
2006,State House,10,Jonathan Ozark,REP,,,,
2006,State House,11,Ruben Kihuen,DEM,,,,
2006,State House,11,,,,,,
2006,State House,12,James Ohrenschall,DEM,,,,
2006,State House,12,Lee Haynes,REP,,,,
2006,State House,13,Adam Taylor,DEM,,,,
2006,State House,13,Chad Christensen,REP,,,,
2006,State House,14,Ellen Koivisto,DEM,,,,
2006,State House,14,,,,,,
2006,State House,15,Kathy McClain,DEM,,,,
2006,State House,15,,,,,,
2006,State House,16,John Oceguera,DEM,,,,
2006,State House,16,,,,,,
2006,State House,17,Kelvin Atkinson,DEM,,,,
2006,State House,17,Angelo Carvalho,REP,,,,
2006,State House,18,Mark Manendo,DEM,,,,
2006,State House,18,Ken Jarvis,REP,,,,
2006,State House,19,Jerry Claborn,DEM,,,,
2006,State House,19,,,,,,
2006,State House,20,Art Lynch,DEM,,,,
2006,State House,20,Joe Hardy,REP,,,,
2006,State House,21,Richard Keene,DEM,,,,
2006,State House,21,Bob Beers,REP,,,,
2006,State House,22,Ruben Urias,DEM,,,,
2006,State House,22,Lynn Stewart,REP,,,,
2006,State House,23,Rosemary Womack,DEM,,,,
2006,State House,23,Steven Grierson,REP,,,,
2006,State House,24,David Bobzien,DEM,,,,
2006,State House,24,Brooks Holcomb,REP,,,,
2006,State House,25,Heidi Gansert,REP,,,,
2006,State House,25,,,,,,
2006,State House,26,Richard Hardenbrook,DEM,,,,
2006,State House,26,Ty Cobb,REP,,,,
2006,State House,27,Sheila Leslie,DEM,,,,
2006,State House,27,,,,,,
2006,State House,28,Mo Denis,DEM,,,,
2006,State House,28,,,,,,
2006,State House,29,Susan Gerhardt,DEM,,,,
2006,State House,29,Michael Smith,REP,,,,
2006,State House,30,Debbie Smith,DEM,,,,
2006,State House,30,,,,,,
2006,State House,31,Bernie Anderson,DEM,,,,
2006,State House,31,Randi Thompson,REP,,,,
2006,State House,32,Mike Sprinkle,DEM,,,,
2006,State House,32,John Marvel,REP,,,,
2006,State House,33,John Carpenter,REP,,,,
2006,State House,33,,,,,,
2006,State House,34,William Horne,DEM,,,,
2006,State House,34,,,,,,
2006,State House,35,Pete Goicoechea,REP,,,,
2006,State House,35,,,,,,
2006,State House,36,Laurayne Murray,DEM,,,,
2006,State House,36,Ed Goedhart,REP,,,,
2006,State House,37,Marcus Conklin,DEM,,,,
2006,State House,37,,,,,,
2006,State House,38,Cathylee James,DEM,,,,
2006,State House,38,Tom Grady,REP,,,,
2006,State House,39,Joetta Brown,DEM,,,,
2006,State House,39,James Settelmeyer,REP,,,,
2006,State House,40,Bonnie Parnell,DEM,,,,
2006,State House,40,Sheila Ward,REP,,,,
2006,State House,41,David Parks,DEM,,,,
2006,State House,41,Bob Wong,REP,,,,
2006,State House,42,Harry Mortenson,DEM,,,,
2006,State House,42,,,,,,
2006,U.S. Senate,,John Ensign,REP,https://www.nvsos.gov/SOSelectionPages/results/2006StateWideGeneral/ElectionSummary.aspx,,,
2006,U.S. Senate,,Jack Carter,DEM,https://www.realclearpolitics.com/epolls/writeup/election_2006_senate_scorecard-61.html,,,
2006,Governor,,Dina Titus,DEM,https://en.wikipedia.org/wiki/2006_Nevada_gubernatorial_election,,,
2006,Governor,,Jim Gibbons,REP,,,,
2006,Secretary of State,NA,Ross Miller,DEM,https://uselectionatlas.org/RESULTS/state.php?fips=32&year=2006&f=0&off=7,,,
2006,Secretary of State,NA,Danny Tarkanian,REP,,,,
2006,Attorney General,,Catherine Cortez Masto,DEM,https://www.naag.org/attorneys-general/past-attorneys-general/nevada-former-attorneys-general/,,,
2006,Attorney General,,Don Chairez,REP,https://ballotpedia.org/Catherine_Cortez_Masto,,,
2008,President,,Barack Obama,DEM,https://www.nvsos.gov/SOSelectionPages/results/2008StateWideGeneral/ElectionSummary.aspx,,,
2008,President,,John Mccain,REP,,,,
2008,State House,1,Marilyn Kirkpatrick,DEM,"https://ballotpedia.org/Nevada_State_Assembly_elections,_2008",,,
2008,State House,1,Linda West Myers,REP,,,,
2008,State House,2,Carlos Blumberg,DEM,,,,
2008,State House,2,John Hambrick,REP,,,,
2008,State House,3,Peggy Pierce,DEM,,,,
2008,State House,3,Eric Morelli,REP,,,,
2008,State House,4,Craig Ballew,DEM,,,,
2008,State House,4,Richard Mcarthur,REP,,,,
2008,State House,5,Marilyn Loop,DEM,,,,
2008,State House,5,Donna Toussaint,REP,,,,
2008,State House,6,Harvey Munford,DEM,,,,
2008,State House,6,Lisamarie Johnson,REP,,,,
2008,State House,7,Arberry Morse,DEM,,,,
2008,State House,7,Geraldine Lewis,REP,,,,
2008,State House,8,Barbara Buckley,DEM,,,,
2008,State House,8,Kevin Child,REP,,,,
2008,State House,9,Segerblom,DEM,,,,
2008,State House,9,Jefferson Lee,REP,,,,
2008,State House,10,Joe Hogan,DEM,,,,
2008,State House,10,Mitch Hostmeyer,REP,,,,
2008,State House,11,Ruben Kihuen,DEM,,,,
2008,State House,11,Ken Upp,REP,,,,
2008,State House,12,James Ohrenschall,DEM,,,,
2008,State House,12,Dallas Augustine,REP,,,,
2008,State House,13,Andrew Martin,DEM,,,,
2008,State House,13,Chad Christensen,REP,,,,
2008,State House,14,Ellen Koivisto,DEM,,,,
2008,State House,14,Dennis Cox,REP,,,,
2008,State House,15,Kathy Mcclain,DEM,,,,
2008,State House,15,Dale Snyder,REP,,,,
2008,State House,16,John Oceguera,DEM,,,,
2008,State House,16,Bob Irwin,REP,,,,
2008,State House,17,Kelvin Atkinson,DEM,,,,
2008,State House,17,David Isbell,REP,,,,
2008,State House,18,Mark Manendo,DEM,,,,
2008,State House,18,Tim Williams,REP,,,,
2008,State House,19,Jerry Claborn,DEM,,,,
2008,State House,19,Nicholas Daka,REP,,,,
2008,State House,20,Dan Briggs,DEM,,,,
2008,State House,20,Joe Hardy,REP,,,,
2008,State House,21,Ellen Spiegel,DEM,,,,
2008,State House,21,Jon Ozark,REP,,,,
2008,State House,22,Nathan Santucci,DEM,,,,
2008,State House,22,Lynn Stewart,REP,,,,
2008,State House,23,Allison Herr,DEM,,,,
2008,State House,23,Melissa Woodbury,REP,,,,
2008,State House,24,David Bobzien,DEM,,,,
2008,State House,24,John Gwaltney,REP,,,,
2008,State House,25,Robert Townsend,DEM,,,,
2008,State House,25,Heidi Gansert,REP,,,,
2008,State House,26,Daela Gibson,DEM,,,,
2008,State House,26,Ty Cobb,REP,,,,
2008,State House,27,Sheila Leslie,DEM,,,,
2008,State House,27,Virgil Neal,REP,,,,
2008,State House,28,Mo Denis,DEM,,,,
2008,State House,28,Augustin Mendoza,REP,,,,
2008,State House,29,April Mastroluca,DEM,,,,
2008,State House,29,Sean Fellows,REP,,,,
2008,State House,30,Debbie Smith,DEM,,,,
2008,State House,30,Trent Baldwin,REP,,,,
2008,State House,31,Bernie Anderson,DEM,,,,
2008,State House,31,Ron Longtin,REP,,,,
2008,State House,32,Marc Deal,DEM,,,,
2008,State House,32,Don Gustavson,REP,,,,
2008,State House,33,Zachary Triggs,DEM,,,,
2008,State House,33,John Carpenter,REP,,,,
2008,State House,34,William Horne,DEM,,,,
2008,State House,34,Richard Deeds,REP,,,,
2008,State House,35,Rachel King,DEM,,,,
2008,State House,35,Pete Goicoechea,REP,,,,
2008,State House,36,Scotty Babb,DEM,,,,
2008,State House,36,Ed Goedhart,REP,,,,
2008,State House,37,Marcus Conklin,DEM,,,,
2008,State House,37,Ron Giarratano,REP,,,,
2008,State House,38,Steven Dalton,DEM,,,,
2008,State House,38,Tom Grady,REP,,,,
2008,State House,39,Joetta Brown,DEM,,,,
2008,State House,39,James Settelmeyer,REP,,,,
2008,State House,40,Bonnie Parnell,DEM,,,,
2008,State House,40,Cheryl Lau,REP,,,,
2008,State House,41,Paul Aizley,DEM,,,,
2008,State House,41,Tim Rowland,REP,,,,
2008,State House,42,Harry Mortensen,DEM,,,,
2008,State House,42,Carole Donald,REP,,,,
2010,U.S. Senate,,Harry Reid,DEM,https://www.nvsos.gov/SOSelectionPages/results/2010StateWideGeneral/ElectionSummary.aspx,,,
2010,U.S. Senate,,Sharron Angle,REP,,,,
2010,Governor,,Rory Reid,DEM,https://ballotpedia.org/Rory_Reid,,,
2010,Governor,,Brian Sandoval,REP,,,,
2010,Secretary of State,NA,Ross Miller,DEM,,,,
2010,Secretary of State,NA,Rob Lauer,REP,https://ballotpedia.org/Rob_Lauer,,,
2010,Attorney General,,Travis Barrick,REP,,,,
2010,Attorney General,,Catherine Cortez Masto,DEM,,,,
2010,State House,1,Marilyn Kirkpatrick,DEM,"https://ballotpedia.org/Nevada_State_Assembly_elections,_2010",,,
2010,State House,1,Mark Trudeau,REP,,,,
2010,State House,2,David Lerner,DEM,,,,
2010,State House,2,John Hambrick,REP,,,,
2010,State House,3,Peggy Pierce,DEM,,,,
2010,State House,3,Eric Morelli,REP,,,,
2010,State House,4,Gary Fisher,DEM,,,,
2010,State House,4,Richard Mcarthur,REP,,,,
2010,State House,5,Marilyn Loop,DEM,,,,
2010,State House,5,Tim Williams,REP,,,,
2010,State House,6,Harvey Munford,DEM,,,,
2010,State House,6,Carole Long,REP,,,,
2010,State House,7,Dina Neal,DEM,,,,
2010,State House,7,Geraldine Lewis,REP,,,,
2010,State House,8,Jason Frierson,DEM,,,,
2010,State House,8,Joe Egan,REP,,,,
2010,State House,9,Segerblom,DEM,,,,
2010,State House,9,Lois Basichis,REP,,,,
2010,State House,10,Joe Hogan,DEM,,,,
2010,State House,10,Tyler Andrews,REP,,,,
2010,State House,11,Olivia Diaz,DEM,,,,
2010,State House,11,Von Brewer,REP,,,,
2010,State House,12,James Ohrenschall,DEM,,,,
2010,State House,12,Tod Oppenborn,REP,,,,
2010,State House,13,Louis Desalvio,DEM,,,,
2010,State House,13,Scott Hammond,REP,,,,
2010,State House,14,Maggie Carlton,DEM,,,,
2010,State House,14,Lee Roach,REP,,,,
2010,State House,15,Elliot Anderson,DEM,,,,
2010,State House,15,Dale Snyder,REP,,,,
2010,State House,16,John Oceguera,DEM,,,,
2010,State House,16,Bob Irwin,REP,,,,
2010,State House,17,Kelvin Atkinson,DEM,,,,
2010,State House,17,Kenneth King,REP,,,,
2010,State House,18,Richard Carrillo,DEM,,,,
2010,State House,18,Ken Walther,REP,,,,
2010,State House,19,Steven Brooks,DEM,,,,
2010,State House,19,Jerry Wang,REP,,,,
2010,State House,20,Lynn Goya,DEM,,,,
2010,State House,20,Cresent Hardy,REP,,,,
2010,State House,21,Ellen Spiegel,DEM,,,,
2010,State House,21,Mark Sherwood,REP,,,,
2010,State House,22,Kevin Donovan,DEM,,,,
2010,State House,22,Lynn Stewart,REP,,,,
2010,State House,23,Monica Bean,DEM,,,,
2010,State House,23,Melissa Woodbury,REP,,,,
2010,State House,24,David Bobzien,DEM,,,,
2010,State House,24,Monte Johnson,REP,,,,
2010,State House,25,Robert Townsend,DEM,,,,
2010,State House,25,Pat Hickey,REP,,,,
2010,State House,26,Angie Taylor,DEM,,,,
2010,State House,26,Randy Kirner,REP,,,,
2010,State House,27,Teresa Benitez-Thompson,DEM,,,,
2010,State House,27,Gabe Jurado,REP,,,,
2010,State House,28,Lucy Flores,DEM,,,,
2010,State House,28,James Cressman,REP,,,,
2010,State House,29,April Mastroluca,DEM,,,,
2010,State House,29,Dan Hill,REP,,,,
2010,State House,30,Debbie Smith,DEM,,,,
2010,State House,30,Kathy Martin,REP,,,,
2010,State House,31,Richard Daly,DEM,,,,
2010,State House,31,Randi Thompson,REP,,,,
2010,State House,32,Ira Hansen,REP,,,,
2010,State House,32,,,,,,
2010,State House,33,Michael Mcfarlane,DEM,,,,
2010,State House,33,John Ellison,REP,,,,
2010,State House,34,William Horne,DEM,,,,
2010,State House,34,Richard Deeds,REP,,,,
2010,State House,35,John O\'Connor,DEM,,,,
2010,State House,35,Pete Goicoechea,REP,,,,
2010,State House,36,Ron Hibble,DEM,,,,
2010,State House,36,Ed Goedhart,REP,,,,
2010,State House,37,Marcus Conklin,DEM,,,,
2010,State House,37,Philip Lupo,REP,,,,
2010,State House,38,Tom Grady,REP,,,,
2010,State House,38,,,,,,
2010,State House,39,Joetta Brown,DEM,,,,
2010,State House,39,Kelly Kite,REP,,,,
2010,State House,40,Robin Williamson,DEM,,,,
2010,State House,40,Pete Livermore,REP,,,,
2010,State House,41,Paul Aizley,DEM,,,,
2010,State House,41,Jan Porter,REP,,,,
2010,State House,42,Irene Bustamante,DEM,,,,
2010,State House,42,Kathryn Njus,REP,,,,
2012,President,,Barack Obama,DEM,https://www.nvsos.gov/SOSelectionPages/results/2012StateWideGeneral/ElectionSummary.aspx,,,
2012,President,,Mitt Romney,REP,,,,
2012,U.S. Senate,,Shelley Berkley,DEM,https://ballotpedia.org/Shelley_Berkley,,,
2012,U.S. Senate,,Dean Heller,REP,,,,
2012,State House,1,Marilyn Kirkpatrick,DEM,,,,
2012,State House,1,,,,,,
2012,State House,2,John Hambrick,REP,,,,
2012,State House,2,,,,,,
2012,State House,3,Peggy Pierce,DEM,,,,
2012,State House,3,Phyllis Moilanen,REP,,,,
2012,State House,4,Kenneth Evans,DEM,,,,
2012,State House,4,Michele Fiore,REP,,,,
2012,State House,5,Marilyn Loop,DEM,,,,
2012,State House,5,Bill Harrington,REP,,,,
2012,State House,6,Harvey Munford,DEM,,,,
2012,State House,6,,,,,,
2012,State House,7,Dina Neal,DEM,,,,
2012,State House,7,Brent Leavitt,REP,,,,
2012,State House,8,Jason Frierson,DEM,,,,
2012,State House,8,Arthur Martinez,REP,,,,
2012,State House,9,Andrew Martin,DEM,,,,
2012,State House,9,C. Hurst,REP,,,,
2012,State House,10,Joseph Hogan,DEM,,,,
2012,State House,10,Tim Farrell,REP,,,,
2012,State House,11,Olivia Diaz,DEM,,,,
2012,State House,11,,,,,,
2012,State House,12,James Ohrenschall,DEM,,,,
2012,State House,12,Bridgette Bryant,REP,,,,
2012,State House,13,Louis Desalvio,DEM,,,,
2012,State House,13,Paul Anderson,REP,,,,
2012,State House,14,Maggie Carlton,DEM,,,,
2012,State House,14,Amy Groves,REP,,,,
2012,State House,15,Elliot Anderson,DEM,,,,
2012,State House,15,Megan Heryet,REP,,,,
2012,State House,16,Heidi Swank,DEM,,,,
2012,State House,16,Ben Boarman,REP,,,,
2012,State House,17,Steven Brooks,DEM,,,,
2012,State House,17,Len Marciano,REP,,,,
2012,State House,18,Richard Carrillo,DEM,,,,
2012,State House,18,,,,,,
2012,State House,19,Felipe Rodriguez,DEM,,,,
2012,State House,19,Cresent Hardy,REP,,,,
2012,State House,20,Ellen Spiegel,DEM,,,,
2012,State House,20,Eric Mendoza,REP,,,,
2012,State House,21,Andy Eisen,DEM,,,,
2012,State House,21,Becky Harris,REP,,,,
2012,State House,22,Randy Spoor,DEM,,,,
2012,State House,22,Lynn Stewart,REP,,,,
2012,State House,23,Michael Joe,DEM,,,,
2012,State House,23,Melissa Woodbury,REP,,,,
2012,State House,24,David Bobzien,DEM,,,,
2012,State House,24,Heidi Waterman,REP,,,,
2012,State House,25,Pat Hickey,REP,,,,
2012,State House,25,,,,,,
2012,State House,26,Rodney Petzak,DEM,,,,
2012,State House,26,Randy Kirner,REP,,,,
2012,State House,27,Teresa Benitez-Thompson,DEM,,,,
2012,State House,27,Tom Taber,REP,,,,
2012,State House,28,Lucy Flores,DEM,,,,
2012,State House,28,,,,,,
2012,State House,29,April Mastroluca,DEM,,,,
2012,State House,29,Bob Irwin,REP,,,,
2012,State House,30,Michael Sprinkle,DEM,,,,
2012,State House,30,Ken Lightfoot,REP,,,,
2012,State House,31,Richard Daly,DEM,,,,
2012,State House,31,David Espinosa,REP,,,,
2012,State House,32,Ira Hansen,REP,,,,
2012,State House,32,,,,,,
2012,State House,33,John Ellison,REP,,,,
2012,State House,33,,,,,,
2012,State House,34,William Horne,DEM,,,,
2012,State House,34,Clark Harrington,REP,,,,
2012,State House,35,James Healey,DEM,,,,
2012,State House,35,Tom Blanchard,REP,,,,
2012,State House,36,Anthony Wernicke,DEM,,,,
2012,State House,36,James Oscarson,REP,,,,
2012,State House,37,Marcus Conklin,DEM,,,,
2012,State House,37,Wesley Duncan,REP,,,,
2012,State House,38,Tom Grady,REP,,,,
2012,State House,38,,,,,,
2012,State House,39,Jim Wheeler,REP,,,,
2012,State House,39,,,,,,
2012,State House,40,Rich Dunn,DEM,,,,
2012,State House,40,Pete Livermore,REP,,,,
2012,State House,41,Paul Aizley,DEM,,,,
2012,State House,41,Phil Regeski,REP,,,,
2012,State House,42,Irene Bustamante Adams,DEM,,,,
2012,State House,42,Robert Mcentee,REP,,,,
2014,Governor,,Robert Goodman,DEM,,,,
2014,Governor,,Brian Sandoval,REP,https://ballotpedia.org/Brian_Sandoval,,,
2014,Secretary of State,NA,Barbara Cegavske,REP,,,,
2014,Secretary of State,NA,Kate Marshall,DEM,https://ballotpedia.org/Kate_Marshall,,,
2014,Attorney General,,Adam Laxalt,REP,,,,
2014,Attorney General,,Ross Miller,DEM,https://ballotpedia.org/Ross_Miller,,,
2014,State House,1,Marilyn Kirkpatrick,DEM,"https://ballotpedia.org/Nevada_State_Assembly_elections,_2014",,,
2014,State House,1,Roger Baum,REP,,,,
2014,State House,2,John Hambrick,REP,,,,
2014,State House,2,,,,,,
2014,State House,3,Nelson Araujo,DEM,,,,
2014,State House,3,Jesus Marquez,REP,,,,
2014,State House,4,Jeff Hinton,DEM,,,,
2014,State House,4,Michele Fiore,REP,,,,
2014,State House,5,Jerri Strasser,DEM,,,,
2014,State House,5,Erv Nelson,REP,,,,
2014,State House,6,Harvey Munford,DEM,,,,
2014,State House,6,,,,,,
2014,State House,7,Dina Neal,DEM,,,,
2014,State House,7,Brent Leavitt,REP,,,,
2014,State House,8,Jason Frierson,DEM,,,,
2014,State House,8,John Moore,REP,,,,
2014,State House,9,Steve Yeager,DEM,,,,
2014,State House,9,David Gardner,REP,,,,
2014,State House,10,Jesse Holder,DEM,,,,
2014,State House,10,Shelly Shelton,REP,,,,
2014,State House,11,Olivia Diaz,DEM,,,,
2014,State House,11,,,,,,
2014,State House,12,James Ohrenschall,DEM,,,,
2014,State House,12,,,,,,
2014,State House,13,Christine Kramar,DEM,,,,
2014,State House,13,Paul Anderson,REP,,,,
2014,State House,14,Maggie Carlton,DEM,,,,
2014,State House,14,Matthew Yarbrough,REP,,,,
2014,State House,15,Elliot Anderson,DEM,,,,
2014,State House,15,Benajmin Donlon,REP,,,,
2014,State House,16,Heidi Swank,DEM,,,,
2014,State House,16,,,,,,
2014,State House,17,Tyrone Thompson,DEM,,,,
2014,State House,17,Patrick Mendez,REP,,,,
2014,State House,18,Richard Carrillo,DEM,,,,
2014,State House,18,,,,,,
2014,State House,19,James Zygadlo,DEM,,,,
2014,State House,19,Chris Edwards,REP,,,,
2014,State House,20,Ellen Spiegel,DEM,,,,
2014,State House,20,Carol Linton,REP,,,,
2014,State House,21,Andy Eisen,DEM,,,,
2014,State House,21,Derek Armstrong,REP,,,,
2014,State House,22,Lynn Stewart,REP,,,,
2014,State House,22,,,,,,
2014,State House,23,Melissa Woodbury,REP,,,,
2014,State House,23,,,,,,
2014,State House,24,David Bobzien,DEM,,,,
2014,State House,24,,,,,,
2014,State House,25,Pat Hickey,REP,,,,
2014,State House,25,,,,,,
2014,State House,26,Randy Kirner,REP,,,,
2014,State House,26,,,,,,
2014,State House,27,Teresa Benitez-Thompson,DEM,,,,
2014,State House,27,Rex Crouch,REP,,,,
2014,State House,28,Edgar Flores,DEM,,,,
2014,State House,28,,,,,,
2014,State House,29,Lesley Cohen,DEM,,,,
2014,State House,29,Stephen Silberkraus,REP,,,,
2014,State House,30,Michael Sprinkle,DEM,,,,
2014,State House,30,Lauren Scott,REP,,,,
2014,State House,31,Richard Daly,DEM,,,,
2014,State House,31,Jill Dickman,REP,,,,
2014,State House,32,John Sampaga,DEM,,,,
2014,State House,32,Ira Hansen,REP,,,,
2014,State House,33,John Ellison,REP,,,,
2014,State House,33,,,,,,
2014,State House,34,Meghan Smith,DEM,,,,
2014,State House,34,Victoria Seaman,REP,,,,
2014,State House,35,James Healey,DEM,,,,
2014,State House,35,Brent Jones,REP,,,,
2014,State House,36,James Oscarson,REP,,,,
2014,State House,36,,,,,,
2014,State House,37,Gerald Mackin,DEM,,,,
2014,State House,37,Wesley Duncan,REP,,,,
2014,State House,38,Robin Titus,REP,,,,
2014,State House,38,,,,,,
2014,State House,39,Jim Wheeler,REP,,,,
2014,State House,39,,,,,,
2014,State House,40,Dave Cook,DEM,,,,
2014,State House,40,Philip O\'Neill,REP,,,,
2014,State House,41,Paul Aizley,DEM,,,,
2014,State House,41,Vicki Dooling,REP,,,,
2014,State House,42,Irene Bustamante Adams,DEM,,,,
2014,State House,42,,,,,,
2016,President,,Hillary Clinton,DEM,https://www.nvsos.gov/SOSelectionPages/results/2016StateWideGeneral/ElectionSummary.aspx,,,
2016,President,,Donald Trump,REP,,,,
2016,U.S. Senate,,Catherine Cortez Masto,DEM,,,,
2016,U.S. Senate,,Joe Heck,REP,,,,
2016,State House,1,Daniele Monroe-Moreno,DEM,"https://ballotpedia.org/Nevada_State_Assembly_elections,_2016",,,
2016,State House,1,Howard Brean,REP,,,,
2016,State House,2,Owen Carver,DEM,,,,
2016,State House,2,John Hambrick,REP,,,,
2016,State House,3,Nelson Araujo,DEM,,,,
2016,State House,3,,,,,,
2016,State House,4,John Piro,DEM,,,,
2016,State House,4,Richard McArthur,REP,,,,
2016,State House,5,Brittney Miller,DEM,,,,
2016,State House,5,Artemus Ham,REP,,,,
2016,State House,6,William McCurdy,DEM,,,,
2016,State House,6,Carlo Maffatt,REP,,,,
2016,State House,7,Dina Neal,DEM,,,,
2016,State House,7,Jennifer Fawzy,REP,,,,
2016,State House,8,Jason Frierson,DEM,,,,
2016,State House,8,Norm Ross,REP,,,,
2016,State House,9,Steve Yeager,DEM,,,,
2016,State House,9,David Gardner,REP,,,,
2016,State House,10,Chris Brooks,DEM,,,,
2016,State House,10,Shelly Shelton,REP,,,,
2016,State House,11,Olivia Diaz,DEM,,,,
2016,State House,11,,,,,,
2016,State House,12,James Ohrenschall,DEM,,,,
2016,State House,12,Mark Riggins,REP,,,,
2016,State House,13,Paul Anderson,REP,,,,
2016,State House,13,,,,,,
2016,State House,14,Maggie Carlton,DEM,,,,
2016,State House,14,Melody Howard,REP,,,,
2016,State House,15,Eliot Anderson,DEM,,,,
2016,State House,15,Stan Vaughan,REP,,,,
2016,State House,16,Heidi Swank,DEM,,,,
2016,State House,16,,,,,,
2016,State House,17,Tyrone Thompson,DEM,,,,
2016,State House,17,Ronald Newsome,REP,,,,
2016,State House,18,Richard Carrillo,DEM,,,,
2016,State House,18,Christine DeCorte,REP,,,,
2016,State House,19,Chris Edwards,REP,,,,
2016,State House,19,,,,,,
2016,State House,20,Ellen Spiegel,DEM,,,,
2016,State House,20,Carol Linton,REP,,,,
2016,State House,21,Ozzie Fumo,DEM,,,,
2016,State House,21,Derek Armstrong,REP,,,,
2016,State House,22,Luis Aguirre-Insua,DEM,,,,
2016,State House,22,Keith Pickard,REP,,,,
2016,State House,23,Craig Jordahl,DEM,,,,
2016,State House,23,Melissa Woodbury,REP,,,,
2016,State House,24,Amber Joiner,DEM,,,,
2016,State House,24,Jim Riger,REP,,,,
2016,State House,25,Eli Smith,DEM,,,,
2016,State House,25,Jill Tolles,REP,,,,
2016,State House,26,Lisa Krasner,REP,,,,
2016,State House,26,,,,,,
2016,State House,27,Teresa Benitez-Thompson,DEM,,,,
2016,State House,27,Bonnie Weber,REP,,,,
2016,State House,28,Edgar Flores,DEM,,,,
2016,State House,28,Wesley Cornwell,REP,,,,
2016,State House,29,Lesley Cohen,DEM,,,,
2016,State House,29,Stephen Silberkraus,REP,,,,
2016,State House,30,Michael Sprinkle,DEM,,,,
2016,State House,30,Lauren Scott,REP,,,,
2016,State House,31,Skip Daly,DEM,,,,
2016,State House,31,Jill Dickman,REP,,,,
2016,State House,32,Ira Hansen,REP,,,,
2016,State House,32,,,,,,
2016,State House,33,John Ellison,REP,,,,
2016,State House,33,,,,,,
2016,State House,34,Shannon Bilbray-Axelrod,DEM,,,,
2016,State House,34,Matt Williams,REP,,,,
2016,State House,35,Justin Watkins,DEM,,,,
2016,State House,35,Brent Jones,REP,,,,
2016,State House,36,James Oscarson,REP,,,,
2016,State House,36,,,,,,
2016,State House,37,Sean Lyttle,DEM,,,,
2016,State House,37,Jim Marchant,REP,,,,
2016,State House,38,George Dini,DEM,,,,
2016,State House,38,Robin Titus,REP,,,,
2016,State House,39,Jim Wheeler,REP,,,,
2016,State House,39,,,,,,
2016,State House,40,Michael Greedy,DEM,,,,
2016,State House,40,Al Kramer,REP,,,,
2016,State House,41,Sandra Jauregui,DEM,,,,
2016,State House,41,Nick Phillips,REP,,,,
2016,State House,42,Irene Bustamente Adams,DEM,,,,
2016,State House,42,Howard Scheff,REP,,,,
2018,U.S. Senate,,Jacky Rosen,DEM,"** issues in converting here, fix in R",https://www.nvsos.gov/SOSelectionPages/results/2018StateWideGeneral/ElectionSummary.aspx,,
2018,U.S. Senate,,Dean Heller,REP,,https://ballotpedia.org/Dean_Heller,,
2018,Governor,,Adam Laxalt,REP,,https://ballotpedia.org/Adam_Paul_Laxalt,,
2018,Governor,,Steve Sisolak,DEM,,,,
2018,Secretary of State,,Barbara Cegavske,REP,,,,
2018,Secretary of State,,Nelson Araujo,DEM,,,,
2018,Attorney General,,Wes Duncan,REP,,,,
2018,Attorney General,,Aaron Ford,DEM,,,,
2018,State House,1,Daniele Monroe-Moreno,DEM,,,,
2018,State House,1,,,,,** NV need to fix the precincts of 2016 to match the rest,
2018,State House,2,Jennie Sherwood,DEM,,,,
2018,State House,2,John Hambrick,REP,,,,
2018,State House,3,Selena Torres,DEM,,,,
2018,State House,3,Stephen Sedlmeyer,REP,,,,
2018,State House,4,Connie Munk,DEM,,,,
2018,State House,4,Richard McArthur,REP,,,,
2018,State House,5,Brittney Miller,DEM,,,,
2018,State House,5,Jason Burke,REP,,,,
2018,State House,6,William McCurdy,DEM,,,,
2018,State House,6,,,,,,
2018,State House,7,Dina Neal,DEM,,,,
2018,State House,7,,,,,,
2018,State House,8,Jason Frierson,DEM,,,,
2018,State House,8,Tina Peetris,REP,,,,
2018,State House,9,Steve Yeager,DEM,,,,
2018,State House,9,Linda Cannon,REP,,,,
2018,State House,10,Chris Brooks,DEM,,,,
2018,State House,10,Noel Searles,REP,,,,
2018,State House,11,Olivia Diaz,DEM,,,,
2018,State House,11,Gianna Miceli,REP,,,,
2018,State House,12,Susan Martinez,DEM,,,,
2018,State House,12,Richard Fletcher,REP,,,,
2018,State House,13,Tom Roberts,REP,,,,
2018,State House,13,,,,,,
2018,State House,14,Maggie Carlton,DEM,,,,
2018,State House,14,,,,,,
2018,State House,15,Howard Watts III,DEM,,,,
2018,State House,15,Stan Vaughan,REP,,,,
2018,State House,16,Heidi Swank,DEM,,,,
2018,State House,16,,,,,,
2018,State House,17,Tyrone Thompson,DEM,,,,
2018,State House,17,Patricia Little,REP,,,,
2018,State House,18,Richard Carrillo,DEM,,,,
2018,State House,18,Matt Sadler,REP,,,,
2018,State House,19,Chris Edwards,REP,,,,
2018,State House,19,,,,,,
2018,State House,20,Ellen Spiegel,DEM,,,,
2018,State House,20,Michael McDonald,REP,,,,
2018,State House,21,Ozzie Fumo,DEM,,,,
2018,State House,21,Cherlyn Arrington,REP,,,,
2018,State House,22,Kristee Watson,DEM,,,,
2018,State House,22,Melissa Hardy,REP,,,,
2018,State House,23,Glen Leavitt,REP,,,,
2018,State House,23,,,,,,
2018,State House,24,Sarah Peters,DEM,,,,
2018,State House,24,,,,,,
2018,State House,25,Gregory John Shorts,DEM,,,,
2018,State House,25,Jill Toles,REP,,,,
2018,State House,26,June Joseph,DEM,,,,
2018,State House,26,Lisa Krasner,REP,,,,
2018,State House,27,Teresa Benitez-Thompson,DEM,,,,
2018,State House,27,,,,,,
2018,State House,28,Edgar Flores,DEM,,,,
2018,State House,28,,,,,,
2018,State House,29,Lesley Cohen,DEM,,,,
2018,State House,29,Stephen Silberkraus,REP,,,,
2018,State House,30,Michael Sprinkle,DEM,,,,
2018,State House,30,,,,,,
2018,State House,31,Skip Daly,DEM,,,,
2018,State House,31,Jill Dickman,REP,,,,
2018,State House,32,Paula Povilaitis,DEM,,,,
2018,State House,32,Alexis Hansen,REP,,,,
2018,State House,33,John Ellison,REP,,,,
2018,State House,33,,,,,,
2018,State House,34,Shannon Bilbray-Axelrod,DEM,,,,
2018,State House,34,Janice Wesen,REP,,,,
2018,State House,35,Michelle Gorelow,DEM,,,,
2018,State House,35,David Schoen,REP,,,,
2018,State House,36,Lesia Romanov,DEM,,,,
2018,State House,36,Dennis Hof,REP,,,,
2018,State House,37,Shea Backus,DEM,,,,
2018,State House,37,Jim Marchant,REP,,,,
2018,State House,38,Robin Titus,REP,,,,
2018,State House,38,,,,,,
2018,State House,39,Patricia Ackerman,DEM,,,,
2018,State House,39,Jim Wheeler,REP,,,,
2018,State House,40,Autumn Zemke,DEM,,,,
2018,State House,40,Al Kramer,REP,,,,
2018,State House,41,Sandra Jauregui,DEM,,,,
2018,State House,41,Paris Wade,REP,,,,
2018,State House,42,Alexander Assefa,DEM,,,,
2018,State House,42,,,,,,
2020,President,,Joesph Biden,DEM,https://www.nvsos.gov/SOSelectionPages/results/2020StateWideGeneral/ElectionSummary.aspx,,,
2020,President,,Donald Trump,REP,,,,
2020,State House,1,Daniele Monroe-Moreno,DEM,"https://ballotpedia.org/Nevada_State_Assembly_elections,_2020",,,
2020,State House,1,,,,,,
2020,State House,2,Radhika Kunnel,DEM,,,,
2020,State House,2,Heidi Kasama,REP,,,,
2020,State House,3,Selena Torres,DEM,,,,
2020,State House,3,,,,,** inconsistent as well,
2020,State House,4,Connie Munk,DEM,,,,
2020,State House,4,Richard McArthur,REP,,,,
2020,State House,5,Brittney Miller,DEM,,,,
2020,State House,5,Mack Miller,REP,,,,
2020,State House,6,Shondra Summers-Armstrong,DEM,,,,
2020,State House,6,Katie Duncan,REP,,,,
2020,State House,7,Cameron Miller,DEM,,,,
2020,State House,7,Anthony Palmer,REP,,,,
2020,State House,8,Jason Frierson,DEM,,,,
2020,State House,8,Eddie Facey,REP,,,,
2020,State House,9,Steve Yeager,DEM,,,,
2020,State House,9,Barbara Altman,REP,,,,
2020,State House,10,Rochelle Nguyen,DEM,,,,
2020,State House,10,Chris Hisgen,REP,,,,
2020,State House,11,Beatrice Duran,DEM,,,,
2020,State House,11,Eric Krattiger,REP,,,,
2020,State House,12,Susan Martinez,DEM,,,,
2020,State House,12,Jeremy Graves,REP,,,,
2020,State House,13,Tom Roberts,REP,,,,
2020,State House,13,,,,,,
2020,State House,14,Maggie Carlton,DEM,,,,
2020,State House,14,,,,,,
2020,State House,15,Howard Watts III,DEM,,,,
2020,State House,15,Stan Vaughan,REP,,,,
2020,State House,16,Cecelia Gonzalez,DEM,,,,
2020,State House,16,Alex Sajdak,REP,,,,
2020,State House,17,Clara Thomas,DEM,,,,
2020,State House,17,Jack Polcyn,REP,,,,
2020,State House,18,Venicia Considine,DEM,,,,
2020,State House,18,Heather Florian,REP,,,,
2020,State House,19,Annie Black,REP,,,,
2020,State House,19,,,,,,
2020,State House,20,David Orentlicher,DEM,,,,
2020,State House,20,,,,,,
2020,State House,21,Elaine Marzola,DEM,,,,
2020,State House,21,Cherlyn Arrington,REP,,,,
2020,State House,22,Melissa Hardy,REP,,,,
2020,State House,22,,,,,,
2020,State House,23,Brent Foutz,DEM,,,,
2020,State House,23,Glen Leavitt,REP,,,,
2020,State House,24,Sarah Peters,DEM,,,,
2020,State House,24,,,,,,
2020,State House,25,Jill Tolles,REP,,,,
2020,State House,25,,,,,,
2020,State House,26,Vance Alm,DEM,,,,
2020,State House,26,Lisa Krasner,REP,,,,
2020,State House,27,Teresa Benitez-Thompson,DEM,,,,
2020,State House,27,Barb Hawn,REP,,,,
2020,State House,28,Edgar Flores,DEM,,,,
2020,State House,28,,,,,,
2020,State House,29,Lesley Cohen,DEM,,,,
2020,State House,29,Steven Delisle,REP,,,,
2020,State House,30,Natha Anderson,DEM,,,,
2020,State House,30,Randy Hoff,REP,,,,
2020,State House,31,Skip Daly,DEM,,,,
2020,State House,31,Jill Dickman,REP,,,,
2020,State House,32,Paula Povilaitis,DEM,,,,
2020,State House,32,Alexis Hansen,REP,,,,
2020,State House,33,John Ellison,REP,,,,
2020,State House,33,,,,,,
2020,State House,34,Shannon Bilbray-Axelrod,DEM,,,,
2020,State House,34,Jay Carlson,REP,,,,
2020,State House,35,Michelle Gorelow,DEM,,,,
2020,State House,35,Jaylon Calhoun,REP,,,,
2020,State House,36,Gregory Hafen,REP,,,,
2020,State House,36,,,,,,
2020,State House,37,Shea Backus,DEM,,,,
2020,State House,37,Andy Matthews,REP,,,,
2020,State House,38,Robin Titus,REP,,,,
2020,State House,38,,,,,,
2020,State House,39,Deborah Chang,DEM,,,,
2020,State House,39,Jim Wheeler,REP,,,,
2020,State House,40,Sena Loyd,DEM,,,,
2020,State House,40,Philip O'Neill,REP,,,PA,https://www.dos.pa.gov/VotingElections/BEST/stats/_layouts/15/formspubs/formsandpubs.aspx
2020,State House,41,Sandra Jauregui,DEM,,,,to understand data on GIT
2020,State House,41,Erika Smith,REP,,,,
2020,State House,42,Alexander Asseffa,DEM,,,,
2020,State House,42,,,,,,
2022,U.S. Senate,,Catherine Cortez Masto,DEM,https://www.nvsos.gov/SOSelectionPages/results/2022StateWideGeneral/ElectionSummary.aspx,,,
2022,U.S. Senate,,Adam Laxalt,REP,,,,
2022,Governor,,Joe Lombardo,REP,,,,
2022,Governor,,Steve Sisolak,DEM,,,,
2022,Secretary of State,,Francisco Aguilar,DEM,,,,
2022,Secretary of State,,Jim Marchant,REP,https://ballotpedia.org/Jim_Marchant,,,
2022,Attorney General,,Sigal Chattah,REP,,,,
2022,Attorney General,,Aaron Ford,DEM,,,,
2022,State House,1,Daniele Monroe-Moreno,DEM,"https://ballotpedia.org/Nevada_State_Assembly_elections,_2022",,,
2022,State House,1,Garland Brinkley,REP,,,,
2022,State House,2,Nick Christenson,DEM,,,,
2022,State House,2,Heidi Kasama,REP,,,,
2022,State House,3,Selena Torres,DEM,,,,
2022,State House,3,Joshua Lemack,REP,,,,
2022,State House,4,Richard McArthur,REP,"** inconsistent, lots of last name, first, some all caps",,,
2022,State House,4,,,,,,
2022,State House,5,Brittney Miller,DEM,,,,
2022,State House,5,Kelly Quinn,REP,,,,
2022,State House,6,Shondra Summers-Armstrong,DEM,,,,
2022,State House,6,Kathryn Rios,REP,,,,
2022,State House,7,Cameron Miller,DEM,,,,
2022,State House,7,Anthony Palmer,REP,,,,
2022,State House,8,Duy Nguyen,DEM,,,,
2022,State House,8,Jenann Logan,REP,,,,
2022,State House,9,Steve Yeager,DEM,,,,
2022,State House,9,Ryan Fleming,REP,,,,
2022,State House,10,Rochelle Nguyen,DEM,,,,
2022,State House,10,Sandie Hernandez,REP,,,,
2022,State House,11,Beatrice Duran,DEM,,,,
2022,State House,11,Eric Krattiger,REP,,,,
2022,State House,12,Max Carter II,DEM,,,,
2022,State House,12,Flemming Larsen,REP,,,,
2022,State House,13,Will Rucker,DEM,,,,
2022,State House,13,Brian Hibbetts,REP,,,,
2022,State House,14,Erica Mosca,DEM,,,,
2022,State House,14,Shawn Stamper,REP,,,,
2022,State House,15,Howard Watts III,DEM,,,,
2022,State House,15,Steven Bang,REM,,,,
2022,State House,16,Cecelia Gonzalez,DEM,,,,
2022,State House,16,Jesse Holder,REP,,,,
2022,State House,17,Clara Thomas,DEM,,,,
2022,State House,17,Eugene Pawley III,REP,,,,
2022,State House,18,Venicia Considine,DEM,,,,
2022,State House,18,Christine DeCorte,REP,,,,
2022,State House,19,Thaddeus Yurek,REP,,,,
2022,State House,19,,,,,,
2022,State House,20,David Orentlicher,DEM,,,,
2022,State House,20,Stan Vaughan,REP,,,,
2022,State House,21,Elaine Marzola,DEM,,,,
2022,State House,21,Jon Petrick,REP,,,,
2022,State House,22,Rick Ramos,DEM,,,,
2022,State House,22,Melissa Hardy,REP,,,,
2022,State House,23,Elizabeth Brickfield,DEM,,,,
2022,State House,23,Danielle Gallant,REP,,,,
2022,State House,24,Sarah Peters,DEM,,,,
2022,State House,24,Dorzell King,REP,,,,
2022,State House,25,Selena Hatch,DEM,,,,
2022,State House,25,Sam Kumar,REP,,,,
2022,State House,26,Rich DeLong,REP,,,,
2022,State House,26,,,,,,
2022,State House,27,Angie Taylor,DEM,,,,
2022,State House,27,Carmen Ortiz,REP,,,,
2022,State House,28,Reuben D'Silva,DEM,,,,
2022,State House,28,Clint Brown,REP,,,,
2022,State House,29,Lesley Cohen,DEM,,,,
2022,State House,29,Rhonda Knightly,REP,,,,
2022,State House,30,Natha Anderson,DEM,,,,
2022,State House,30,Ricci Rodriguez-Elkins,REP,,,,
2022,State House,31,Jill Dickman,REP,,,,
2022,State House,31,,,,,,
2022,State House,32,Alexis Hansen,REP,,,,
2022,State House,32,,,,,,
2022,State House,33,John Garrard,DEM,,,,
2022,State House,33,Bert Gurr,REP,,,,
2022,State House,34,Shannon Bilbray-Axelrod,DEM,,,,
2022,State House,34,Stacy Butler,REP,,,,
2022,State House,35,Michelle Gorelow,DEM,,,,
2022,State House,35,Tiffany Jones,REP,,,,
2022,State House,36,Gregory Hafen,REP,,,,
2022,State House,36,,,,,,
2022,State House,37,Shea Backus,DEM,,,,
2022,State House,37,Jacob Deaville,REP,,,,
2022,State House,38,Gregory Koenig,REP,,,,
2022,State House,38,,,,,,
2022,State House,39,Janice Noble,DEM,,,,
2022,State House,39,Ken Gray,REP,,,,
2022,State House,40,Shannon McDaniel,DEM,,,,
2022,State House,40,Philip O'Neill,REP,,,,
2022,State House,41,Sandra Jauregui,DEM,,,,
2022,State House,41,Paul Bodine,REP,,,,
2022,State House,42,Tracy Brown-May,DEM,,,,
2022,State House,42,Eddie Facey,REP,,,,